{"cameraMode":{"drawMode":0,"name":"Shaded","section":"Shading Mode"},"sceneLighting":false,"audioPlay":false,"sceneViewState":{"showFog":true,"showMaterialUpdate":false,"showSkybox":false,"showFlares":true,"showImageEffects":true,"showParticleSystems":true},"in2DMode":false,"pivot":{"x":3.25600004196167,"y":0.5,"z":-0.018000006675720216},"rotation":{"x":0.2581864595413208,"y":-0.07237464934587479,"z":0.01940036565065384,"w":0.9631854295730591},"size":2.2463972568511965,"orthographic":false}